<effect>
<name>3dPerspective 1.5b (basic)</name>
<author>MuddyMole/Sketchy, Ports by NaitorStudios</author>
<description>v1.5b (basic), Bonus: Z Rotation.</description>
<parameter>
  <name>iM</name>
  <code>iM</code>
  <description>Mirror reverse side</description>
  <type>int</type>
  <property>checkbox</property>
  <value>0</value>
</parameter>
<parameter>
  <name>fH</name>
  <code>fH</code>
  <description>Horizontal tilt angle (degrees)</description>
  <type>float</type>
  <property>edit</property>
  <value>0.0</value>
</parameter>
<parameter>
  <name>fV</name>
  <code>fV</code>
  <description>Vertical tilt angle (degrees)</description>
  <type>float</type>
  <property>edit</property>
  <value>0.0</value>
</parameter>
<parameter>
  <name>fR</name>
  <code>fR</code>
  <description>Roll angle (degrees)</description>
  <type>float</type>
  <property>edit</property>
  <value>0.0</value>
</parameter>
<parameter>
  <name>fD</name>
  <code>fD</code>
  <description>Distance of camera (pixels)</description>
  <type>float</type>
  <property>edit</property>
  <value>750.0</value>
</parameter>
<parameter>
  <name>fZ</name>
  <code>fZ</code>
  <description>Zoom factor</description>
  <type>float</type>
  <property>edit</property>
  <value>0.75</value>
</parameter>
<sampler>
	<index>0</index>
	<filter>linear</filter>
	<filter>linear</filter>
	<addressU>Border</addressU>
	<addressV>Border</addressV>
	<BorderColor>0</BorderColor>
</sampler>
<sampler>
	<index>1</index>
	<filter>linear</filter>
	<filter>linear</filter>
	<addressU>Border</addressU>
	<addressV>Border</addressV>
	<BorderColor>0</BorderColor>
</sampler>
</effect>