<effect>
<name>Interleaved Sine Wave (Horizontal, Antialiased)</name>
<description>Effect seen in the battle backgrounds of Earthbound.</description>
<author>Rhadamus</author>

<sampler>
	<index>0</index>
	<filter>linear</filter>
</sampler>

<parameter>
	<name>Wave frequency</name>
	<variable>freq</variable>
	<type>float</type>
	<value>5.0</value>
</parameter>
<parameter>
	<name>Amplitude</name>
	<variable>amplitude</variable>
	<type>float</type>
	<value>0.3</value>
</parameter>
<parameter>
	<name>Offset</name>
	<variable>offset</variable>
	<type>float</type>
	<value>0.0</value>
</parameter>
<parameter>
	<name>Interleave period</name>
	<variable>period</variable>
	<type>float</type>
	<value>0.0</value>
</parameter>

</effect>

